Ativo;Cidade;Estado;Data;%;ABL Transação;ABL Total;Valor Transação (R$);R$/m²;Cap rate;Comprador;Vendedor;Estrutura;Detalhes;Fato Relevante / Fonte;
International Busisnes Park;Duque de Caxias;RJ;jan/19;100%;1.008;1.008;3.500.000;3.472;10,01%;TRBL11;-;Cash;À vista;Fundos.NET;
Privalia Extrema;Extrema;MG;jan/19;100%;26.774;26.774;76.900.000;2.872;-;VILG11;-;Sellers Finance;44% à vista | 56% pagos em 12 anos;Fundos.NET;
Log Guarulhos;Guarulhos;SP;mar/19;100%;18.276;18.276;47.500.000;2.599;-;HGLG11;-;Cash;À vista;Fundos.NET;
Fernão Dias Business Park;Extrema;MG;mai/19;61%;54.632;33.326;98.231.737;2.948;9,36%;VILG11;-;Sellers Finance;44% à vista | 56% pagos em 12 anos;Fundos.NET;
Jundaí Business Park;Jundiaí;SP;mai/19;40%;30.675;12.270;30.378.074;2.476;8,20%;VILG11;-;Sellers Finance;70% à vista | 30% em até 10 meses ;Fundos.NET;
Imóvel Sâo José;São José;SC;jun/19;100%;47.912;47.912;204.888.618;4.276;-;XPLG11;FII Golden;Sellers Finance;85% à vista | 15% no final da obra;Fundos.NET;
Imóvel SJC;São José dos Campos;SP;jul/19;100%;69.466;69.466;112.735.068;1.623;-;HGLG11;-;Cash;À vista;Fundos.NET;
Imóvel Vinhedo;Vinhedo;SP;jul/19;100%;132.353;132.353;358.305.781;2.707;-;HGLG11;-;Cash;À vista;Fundos.NET;
Galpões Santo Agostinho;Cabo de Santo Agostinho;PE;out/19;100%;203.074;203.074;537.000.000;2.644;-;XPLG11;AMLQ Holdings;Cash;À vista;Fundos.NET;
Cajamar II;Cajamar;SP;out/19;55%;125.717;69.144;336.559.812;4.867;-;XPLG11;-;Sellers Finance;25% à vista | 75% em 1 ano;Fundos.NET;
BTS Cremer;Pouso Alegre;MG;nov/19;100%;13.899;13.899;39.177.182;2.819;8,20%;VILG11;-;Sellers Finance;70% à vista | 30% em até 4 meses ;Fundos.NET;
Airport Town Ayrton Senna;Guarulhos;SP;nov/19;100%;18.923;18.923;64.685.204;3.418;7,90%;VILG11;-;Sellers Finance;80% à vista | 20% em até 6 meses;Fundos.NET;
WTTP2;Barueri;SP;nov/19;100%;30.104;30.104;77.725.486;2.582;-;XPLG11;Real Techpark;Cash;À vista;Fundos.NET;
BTS Unilever;Cabo de Santo Agostinho;PE;dez/19;100%;25.583;25.583;60.471.000;2.364;9,00%;XPLG11;-;Sellers Finance;180 parcelas mensais sem correção;Fundos.NET;
CD Cachoeirinha;Cachoeirinha;RS;jan/20;73%;36.722;26.623;77.618.366;2.915;9,90%;VILG11;-;Cash;À vista;Fundos.NET;
CD Eldorado;Eldorado do Sul;RS;jan/20;100%;15.512;15.512;71.030.740;2.219;13,00%;VILG11;-;Cash;À vista;https://fnet.bmfbovespa.com.br/fnet/publico/visualizarDocumento?id=75194&cvm=true;
CD Cariacica;Cariacica;RS;jan/20;100%;16.502;16.502;;;;VILG11;-;;;;
Log Cmpinas;Campinas;SP;fev/20;100%;-;1.723;18.680.000;10.842;-;-;HGLG11;Sellers Finance;75% à vista | 25% em até 90 dias;Fundos.NET;
Log Jundiaí;Jundiaí;SP;mar/20;100%;91.311;91.311;248.159.250;2.718;7,92%;TRBL11;-;Cash;À vista;Fundos.NET;
Tok&Stok Extrema;Extrema;MG;mai/20;67%;66.940;44.736;146.357.700;3.272;8,70%;VILG11;-;Cash;À vista;Fundos.NET;
RBL Guarulhos;Guarulhos;SP;jun/20;100%;22.825;22.825;36.300.000;1.590;9,30%;TRBL11;-;Sellers Finance;50% à vista | 40% em 6 meses | 10% em em 5 anos ;Fundos.NET;
Santana Business Park;Santana de Parnaíba;SP;jul/20;100%;33.085;33.085;95.452.189;2.885;-;XPLG11;Vancorp;Sellers Finance;12 parcelas mensais corrigidas por IPCA;Fundos.NET;
Castelo Branco (Continental);Santana de Parnaíba;SP;jul/20;100%;18.940;18.940;153.558.723;3.358;8,71%;BTLG11;-;Cash;À vista;https://fnet.bmfbovespa.com.br/fnet/publico/visualizarDocumento?id=117581&cvm=true;
Araçatuba (Rigesa);Araçatuba;SP;jul/20;100%;26.783;26.783;;;;;;;;;
Log Itatiaia;Itatiaia;SP;ago/20;100%;45.580;45.580;401.666.078;5.563;-;PATL11;-;Cash;À vista;https://fnet.bmfbovespa.com.br/fnet/publico/visualizarDocumento?id=113544&cvm=true;
Ribeirão das Neves Refrigerado;Ribeirão das Neves;SP;ago/20;100%;26.618;26.618;;;;;;;;;
Log Itupeva;Itupeva;SP;ago/20;100%;58.828;58.828;151.700.878;2.579;-;HGLG11;-;Sellers Finance;R$60MM de sinal | Restante de acordo com cumprimento de condições;Fundos.NET;
Log Betim;Betim;MG;ago/20;100%;62.587;62.587;194.379.393;3.106;-;HGLG11;-;Sellers Finance;;;
Galpões Extrema;Extrema;MG;ago/20;100%;34.101;34.101;89.714.126;2.631;-;HGLG11;-;Sellers Finance;61,31% à vista  | 5,68% em 180 dias | 5,68% em 360 dias | 13,67% em 540 dias | 13,67% em 720 dias (corrigida por 100% do IGP-M);Fundos.NET;
FW5;Extrema;MG;ago/20;50%;74.573;37.287;105.000.000;2.816;8,50%;RBRL11;-;Sellers Finance;Pagamento conforme o andamento da obra;Fundos.NET;
Parque Logístico Osasco;Osasco;SP;ago/20;80%;32.253;25.802;70.994.058;2.751;8,50%;VILG11;-;Sellers Finance;76% à vista | 24% em 4 parcelas semestrais;Fundos.NET;
Loteamento Internacional Business Park/Log DP;Duque de Caxias;RJ;ago/20;100%;111.414;111.414;374.647.804;3.363;-;XPLG11;HSI PE;Sellers Finance;30% à vista | 70% na conclusão da aquisição (8 meses depois aprox);Fundos.NET;
BTLG Jundiaí;Jundiaí;SP;set/20;100%;100.028;100.028;270.000.000;2.699;-;BTLG11;-;Cash;À vista;Fundos.NET;
Caxias Park;Duque de Caxias;RJ;out/20;100%;76.600;76.600;223.100.000;2.913;8,90%;VILG11;-;Cash;À vista;Fundos.NET;
Ativo SBC;São Bernardo do Campo;SP;out/20;25%;460.000;115.000;245.330.000;2.133;-;BTLG11;-;Sellers Finance;76% à vista | 24% em 3 anos;Fundos.NET;
BTS Campo Grande;Rio de Janeiro;RJ;nov/20;100%;145.600;145.600;389.571.551;2.676;-;BLMG11;-;Cash + Cotas;44% em cotas | 56% em dinheiro;Fundos.NET;
GR Louveira;Louveira;SP;nov/20;100%;55.202;55.202;156.139.000;2.829;-;HGLG11;-;Cash;À vista;Fundos.NET;
Bresco Bahia;Lauro de Freitas;BA;dez/20;100%;56.216;56.216;194.573.891;3.461;8,00%;BRCO11;-;Sellers Finance;68% ao vivo | 32% em 2 meses;Fundos.NET;
KSM Log;Extrema;MG;dez/20;100%;82.153;82.153;269.440.105;3.280;8,00%;RBRL11;-;Sellers Finance;10% à vista | 88% em 10 dias | 2% na conclusão da obra;Fundos.NET;
Castelo 57 Business Park;São Roque;SP;dez/20;80%;60.589;48.471;130.016.866;2.682;8,50%;VILG11;-;Sellers Finance;8,5% à vista | 91,5% em 15 parcelas até a conclusão da obra;Fundos.NET;
BTLG Guarulhos;Guarulhos;SP;fev/21;100%;20.247;20.247;195.000.000;2.224;8,00%;BTLG11;-;Sellers Finance;R$ 145 mi á vista | R5 50 mi em 12 meses;https://fnet.bmfbovespa.com.br/fnet/publico/visualizarDocumento?id=145996&cvm=true;
BTLG Embu;Embu das Artes;SP;;100%;30.592;30.592;;;;;;;;;
BTLG Hortolândia;Hortolândia;SP;;100%;36.024;36.024;;;;;;;;;
Rhea Log;São José dos Pinhais;PR;mar/21;34%;22.120;7.567;25.999.600;3.436;10,50%;GGRC11;-;Cash;À vista;Fundos.NET;
BMLog São Bernardo do Campo;São Bernardo do Campo;SP;abr/21;100%;27.000;27.000;108.000.000;4.000;-;BLMG11;-;Cash;À vista;Fundos.NET;
Suzano Papel;Salvador;BA;abr/21;100%;28.657;28.657;54.019.619;1.885;9,48%;GGRC11;-;Cash;À vista;Fundos.NET;
Volkswagen Man;Resende;RJ;abr/21;100%;23.867;23.867;82.963.410;3.476;-;-;RBRL11;Sellers Finance;20% à vista | 50% em 4 meses | 30% em 9 meses;Fundos.NET;
WTLOG RBR I ;Franco da Rocha;SP;abr/21;50%;121.769;60.885;164.696.592;2.705;8,30%;RBRL11;-;Sellers Finance;Pagamento conforme o andamento da obra;Fundos.NET;
Centro Logístico Contagem;Contagem;MG;abr/21;100%;57.000;57.000;350.000.000;6.140;8,00%;TRBL11;-;Sellers Finance;43% à vista | 17%  em 6 meses | 37% em 12 meses;Fundos.NET;
Canoa Log;Serra;ES;abr/21;100%;93.690;93.690;286.908.314;3.062;8,00%;VILG11;-;Cash;À vista;Fundos.NET;
BMLog LEAP Dafiti;Extrema;MG;mai/21;100%;54.000;54.000;272.700.000;5.050;-;BLMG11;-;Cash;70% à vista | 30% no final das obras;Fundos.NET;
BTLG Ribeirão Preto;Ribeirão Preto;SP;mai/21;100%;57.143;57.143;169.200.000;2.961;8,30%;BTLG11;-;CRI + Cash;Caixa + CRI;Fundos.NET;
Golgi Seropédica;Seropédica;RJ;mai/21;100%;82.049;82.049;186.200.000;2.269;-;XPLG11;Golgi FII;Cash;À vista;Fundos.NET;
Extrema I;Extrema;MG;mai/21;64%;77.351;49.659;169.817.174;3.420;-;XPLG11;-;Sellers Finance;27% à vista | 73% após cumprimento de certas condições;Fundos.NET;
Itambé São Paulo;São Paulo;SP;mai./21;100%;8.058;8.058;168.881.602;3.260;7,70%;-;BTLG11;Sellers Finance;Venda paga em 3 parcelas;https://fnet.bmfbovespa.com.br/fnet/publico/visualizarDocumento?id=170596&cvm=true;
Supermarket RJ;Rio de Janeiro;RJ;;;17.244;17.244;;;;-;;;;;
Magna Vinhedo;Vinhedo;SP;;;10.440;10.440;;;;-;;;;;
Ceratti Vinhedo;Vinhedo;SP;;;13.852;13.852;;;;-;;;;;
Jandira I e  II;Jandira;SP;jun/21;100%;36.000;36.000;162.000.000;4.500;-;BLMG11;-;Cash;CRI + Cotas;Fundos.NET;
Aratulog;Simões Filho;BA;jun/21;70%;100.552;70.386;196.561.284;2.793;8,80%;LVBI11;-;Sellers Finance;37% à vista | 7% em 30 dias | 48% conforme a evolução da obra | 8% na conclusão;Fundos.NET;
Log Ribeirão;Ribeirão Preto;SP;jul/21;100%;59.875;59.875;168.073.362;2.807;-;HGLG11;-;Cash;À vista;Fundos.NET;
Carrefour Washington Luiz;Rio de Janeiro;RJ;jul/21;100%;48.042;48.042;109.267.521;2.274;-;HGLG11;-;Cash;À vista;Fundos.NET;
Ativo Cajamar;Cajamar;SP;ago/21;100%;35.694;35.694;1.232.514.542;34.530;7,50%;LVBI11;-;Sellers Finance;50% à vista | 50% até a conclusão das obras ;Fundos.NET;
BTS Americanas;Uberbaba;MG;set/21;100%;89.196;89.196;253.000.000;2.836;-;GGRC11;-;Sellers Finance;40% à vista | 20% em parcelas trimestrais;Fundos.NET;
Postall Log;Jundiaí;SP;set/21;100%;9.956;9.956;24.504.159;2.461;8,40%;PATL11;-;Sellers Finance;50% à vista | 50% em 3 meses;Fundos.NET;
Solística;Jundiaí;SP;set/21;100%;9.177;9.177;26.600.000;2.899;8,30%;PATL11;-;Cash;À vista;Fundos.NET;
Log Água Vermelha;São Carlos;SP;set/21;100%;79.642;79.642;181.299.930;2.276;9,20%;HGLG11;-;Sellers Finance;33% à vista | 59% securittizado | ;;
CTR Uberlândia;Uberlândia;MG;set/21;100%;89.187;89.187;253.000.000;2.837;-;GGRC11;HGLG11;Sellers Finance;40% à vista | 20% em 4 meses | 40% em duas parcelas em 6 meses (IPCA);Fundos.NET;
Ativo Betim;Betim;MG;set/21;100%;52.691;33.502;32.000.000;955;-;LVBI11;-;Cash;À vista;Fundos.NET;
CONE G4;Cabo de Santo Agostinho;PE;nov/21;40%;18.597;7.439;30.000.000;4.033;-;HGLG11;-;Sellers Finance;50% à vista | 50% conforme o avanço da obra;Fundos.NET;
BTLG Mauá;Mauá;SP;dez/21;100%;88.774;88.774;345.000.000;3.886;8,00%;BTLG11;-;CRI + Cash;Caixa + CRI;Fundos.NET;
BTS Mercado Livre;Betim;MG;set/22;100%;95.730;95.730;253.561.306;2.649;-;PATL11;;Sellers Finance;70% à vista | 15% em 12 meses  | 15% em 18 meses, corrigido por IPCA;Fundos.NET;
Parque Torino;Betim;MG;out/22;48%;137.929;66.040;209.429.572;3.171;-;HGLG11;-;Sellers Finance;70% à vista | 15% em 12 meses  | 15% em 18 meses, corrigido por IPCA;;
CONE G4;Cabo de Santo Agostinho;PE;nov/22;70%;18.597;13.018;103.436.766;7.946;-;-;HGLG11;Sellers Finance;50% à vista | 50% em 2 meses, corrigido por IPCA;Fundos.NET;
LOG Fortaleza II;Fortaleza;CE;mai/23;100%;94.000;94.000;;;;BTLC11;LOG CP;Sellers Finance;51% à vista;;
LOG Goiânia II;Goiânia;GO;;100%;38.144;38.144;733.601.504;3.655;-;BTLC11;LOG CP;;20% em até 15 meses | correção por IPCA;Log anuncia a maior venda de ativos da sua história - Log;
LOG Recife;Recife;PE;;100%;68.575;68.575;;;;BTLC11;LOG CP;;29% em até 26 meses | correção por IPCA;;
Bresco São Paulo;São Paulo;SP;mai/23;100%;53.765;53.765;325.000.000;6.045;-;JBS;BRCO11;Sellers Finance;17% à vista | Restante em 48 parcelas mensais com correção por CDI (recebimento até Julho/2025);Fundos.NET;
LOG Gravataí;Gravataí;RS;mai/23;100%;51.809;51.809;165.000.000;2.150;-;FII Golgi;LOG CP;Sellers Finance;10% à vista;Log vende mais R$ 165 milhões em galpões - Brazil Journal;
LOG São José dos Pinhais;São José dos Pinhais;PR;;100%;24.929;24.929;;;;FII Golgi;LOG CP;;60% no fechamento | 30% em até 13 meses após o fechamento, com correção por IPCA;;
Jundiaí Business Park;Jundiaí;SP;mai/23;43%;12.397;28.830;34.700.000;2.799;8,30%;-;VILG11;-;Pagamento à vista no fechamento;Fundos.NET;
BTLG Dutra ;-;RJ;jun/23;100%;19.300;19.300;81.500.000;4.223;-;-;BTLG11;-;10% Sinal | Restante pago no fechamento;Fundos.NET;
LOG Contagem I;Contagem;MG;ago/23;16%;9.493;58.417;18.273.568;1.925;-;LGCP11;-;-;Pagamento à vista no fechamento;Fundos.NET;
LOG Viana I;Viana;ES;ago/23;10%;6.099;60.986;22.786.230;3.736;-;LGCP11;-;-;Pagamento à vista no fechamento;Fundos.NET;
LOG Goiânia I ;Goiânia;GO;ago/23;16%;12.710;78.214;37.519.588;2.952;-;LGCP11;-;-;Pagamento à vista no fechamento;Fundos.NET;
LOG Gaiolli;Guarulhos;SP;ago/23;29%;9.567;32.988;31.458.841;3.288;-;LGCP11;-;-;Pagamento à vista no fechamento;Fundos.NET;
HGLG Cumbica;Guarulhos;SP;ago/23;100%;18.276;18.276;77.000.000;4.213;-;-;HGLG11;Sellers Finance;62% à vista | Restante pago em 4 parcelas semestrais com correção por CDI (última em Julho/2025);Microsoft Word - Fato Relevante - Alienação Cumbica - 20.07.2023_vf.doc;
LOG Aracaju;Aracaju;AL;ago/23;100%;29.900;29.900;207.423.150;2.302;-;BTLC11;LOG CP;Sellers Finance;50% à vista;Fundos.NET;
LOG Londrina;Londrina;PR;ago/23;100%;60.200;60.200;;;;BTLC11;LOG CP;;20% pago em Julho/2024, com correção por IPCA | 30% pago em Julho/2025, com correção por IPCA;;
Multimodal Duque de Caxias;Duque de Caxias;RJ;ago/23;100%;64.651;64.651;246.000.000;2.351;-;-;TRBL11;Sellers Finance;18% à vista;Fundos.NET;
International Business Park;Duque de Caxias;RJ;ago/23;100%;40.000;40.000;;;;-;TRBL11;;15% pago em Janeiro/2024 | Restante pago em 4 parcelas semestrais (última em Janeiro/2026);;
Ativo Guarulhos;Guarulhos;SP;nov/23;100%;24.416;24.416;94.000.000;3.850;-;-;LVBI11;Sellers Finance;64% à vista | Restante pago em 2 parcelas semestrais (Janeiro/2024 e Julho/2024);Fundos.NET;
HGLG Itupeva G200;Itupeva;SP;nov/23;100%;8.465;8.465;18.130.344;2.142;-;HGLG11;-;Sellers Finance;22% em Março/2023 | 22% em Junho/2023 | 28% em Agosto/2023 | 28% em Dezembro/2023;HGLG11 conclui compra de imóvel com pagamento de R$ 4 milhões;
Cajamar Amazon | Cajamar Assaí | Campinas II;Cajamar | Campinas;SP;nov/23;100%;307.000;307.000;760.000.000;2.476;-;BTLG11;GLP;Sellers Finance;58% à vista | 42% após 18 meses do fechamento;Fundos.NET;
Ativos Guarulhos e Feira de Santana;Guarulhos | Feira de Santana;SP | BA;jan/24;100%;-;-;133.106.497;-;-;TRBL11;BTLG11;Sellers Finance;53% à vista | 47% em 3 parcelas semestrais (última em Julho/2025);Fundos.NET;
Galpão SBC (Ford);São Bernardo do Campo;SP;jan/24;100%;-;-;850.000.000;-;-;Prologis;SJAU11 | BTLG11;-;-;Prologis paga R$ 850 milhões por ‘trophy asset’ logístico no ABC - Brazil Journal;
BTS Cabreúva;Cabreúva;SP;fev/24;100%;9.300;9.300;41.500.000;4.462;-;GGRC11;-;Sellers Finance;58% em 8 parcelas mensais | 42% com a emissão do Habite-se;Fundos.NET;
BRF Salvador;Salvador;BA;fev/24;100%;35.960;35.960;280.000.000;7.786;-;-;GARE11;Sellers Finance;47% à vista | 10% após 6 meses | 43% após 18 meses (Fevereiro/2026);Fundos.NET;
Terreno HGLG SJC;São José dos Campos;SP;fev/24;100%;169.206;169.206;12.500.000;74;-;-;HGLG11;-;-;Fundos.NET;
Portfólio Artemis FII;-;-;mar/24;100%;136.749;136.749;873.000.000;6.384;-;GARE11;Artemis FII;-;-;Fundos.NET;
NewLOG Goiânia II;Goiânia;GO;abr/24;100%;37.542;37.542;100.000.000;2.664;-;NEWL11;Novo Mundo S.A.;-;Pagamento à vista no fechamento;Fundos.NET;
Ativos GLP;-;-;abr/24;100%;500.000;500.000;1.750.000.000;3.500;-;BTLG11;GLP;Sellers Finance;65% à vista | 35% após 18 meses, corrigidos por IPCA;Fundos.NET;
LOG Betim e LOG Salvador;Betim | Salvador;MG | BA;abr/24;100%;138.170;138.170;509.735.577;3.689;-;BTLC11;LGCP11;Sellers Finance;57% à vista | 43% após 24 meses com correção por IPCA (Abril/2026);Fundos.NET;
Bresco Osasco;Osasco;SP;mai/24;100%;29.600;29.600;149.032.736;5.035;8,50%;BRCO11;-;Sellers Finance;50% à vista | 50% após 12 meses com correção por IPCA (Maio/2025);Fundos.NET;
Bresco Natura Murici;Murici;AL;mai/24;100%;50.300;50.300;122.158.536;2.429;9,10%;BRCO11;-;Sellers Finance;50% à vista | 50% após 12 meses com correção por IPCA (Maio/2025);Fundos.NET;
Syslog Galeão;Duque de Caxias;RJ;mai/24;49%;27.376;55.870;88.274.056;3.224;-;HGLG11;XPLG11;Sellers Finance;50% à vista | 25% após 12 meses | 25% após 6 meses (Novembro/2025);Fundos.NET;
HGLG WL;Duque de Caxias;RJ;mai/24;49%;23.072;47.086;79.717.448;3.455;-;XPLG11;HGLG11;Sellers Finance;50% à vista | 25% após 12 meses | 25% após 6 meses (Novembro/2025);Fundos.NET;
BM Log Rio;Rio de Janeiro;RJ;jun/24;36%;51.855;145.578;;;;GGRC11;Triple A FII;Cotas;;Fundos.NET;
BM Log Extrema;Extrema;MG;jun/24;36%;27.384;76.878;253.557.572;3.356;11,25%;GGRC11;Triple A FII;;GGRC pagou pelos ativos com cotas da 7° Emissão (subcritas pelo Triple A FII);;
BM Log SBC;São Bernardo do Campo;SP;jun/24;36%;9.596;26.940;;;;GGRC11;Triple A FII;;;;
GLP Gravataí;Gravataí;RS;jun/24;100%;105.271;105.271;309.850.090;2.943;-;XPLG11;GLP;Sellers Finance;59% à vista | 39% após 12 meses | Restante na superação das condições precedentes;Fundos.NET;
BM Log Jandira;Jandira;SP;jun/24;100%;17.127;17.127;38.500.000;2.248;-;-;BLMG11;-;À vista no fechamento;Fundos.NET;
Urban Hub Osasco e Mauá;Osasco | Mauá;SP;jul/24;100%;83.027;83.027;352.600.000;4.247;-;CPLG11;-;-;-;Fundos.NET;
Meli Simões Filho;Simões Filho;BA;ago/24;100%;126.336;126.336;-;-;-;HGLG11;-;-;-;Fundos.NET;
Galpão SBC  ;São Bernardo do Campo;SP;ago/24;100%;27.940;27.940;130.000.000;4.653;7,00%;-;Triple A FII;-;À vista no fechamento;Fundos.NET;
Desenvolvimento Rodoanel;São Paulo;SP;ago/24;57%;42.349;74.296;-;-;-;CPLG11;-;-;-;Fundos.NET;
Imóveis SP e BA;-;SP | BA;ago/24;100%;-;-;57.000.000;-;7,44%;GGRC11;-;Sellers Finance + Cotas;47% via cotas do GGRC | 26% em Junho/2025 | 26% em Dezembro/2025;Fundos.NET;
Galpão WT RBR;Cajamar  ;SP;ago/24;23%;27.530;122.356;91.285.858;3.316;-;-;RBRL11;Sellers Finance;50% à vista | 25% após 6 meses | 25% após 6 meses (Julho/2025);Fundos.NET;
Portfólio SNLG11;-;-;set/24;100%;89.351;89.351;299.000.000;3.346;8,70%;GGRC11;SNLG11;-;-;Fundos.NET;
Módulos BM e CEA;Mauá | Atibaia;SP;set/24;100%;33.042;33.042;94.412.105;2.857;-;Invista Galpões FII;XPIN11;Sellers Finance;30% à vista | Restante em 5 parcelas semestrais, com correção por IPCA  (última em Janeiro/2027);Fundos.NET;
LOG Goiânia I;Goiânia;GO;set/24;100%;78.223;78.223;251.195.229;3.211;7,70%;HGLG11;INLG11 (46%);Sellers Finance;40% à vista | 30% em Abril/2025 | 30% em Setembro/2025, com correção por IPCA;Fundos.NET;
Centro Logístico Piracicaba;Piracicaba;SP;set/24;100%;67.988;67.988;201.365.104;2.962;8,00%;XPLG11;-;Cotas;14% em $ | 86% via cotas do XPLG;Fundos.NET;
Meli Santo Agostinho;Cabo de Santo Agostinho;PE;set/24;3%;1.878;71.954;10.210.482;5.437;7,82%;HGLG11;-;-;-;Fundos.NET;
CitLog Viracopos;Campinas;SP;set/24;100%;138.869;138.869;351.900.000;2.534;4,98%;-;HLOG11;Sellers Finance;30% à vista | 15% após 6 meses | 15% após 6 meses | 40% após 6 meses, com correção por CDI (última em Abril/2026);Fundos.NET;
Aptiv Espírito Santo do Pinhal;Espírito Santo do Pinhal;SP;out/24;100%;19.192;19.192;47.500.006;2.475;9,90%;GGRC11;ALZR11;Sellers Finance + Cotas;81% via cotas do GGRC | 10% no fechamento | 9% em Julho/2025;Fundos.NET;
Galpão Cajamar;Cajamar;SP;out/24;100%;51.109;51.109;165.000.000;3.228;10,00%;BTLG11;-;Sellers Finance;69% à vista | 15% após 12 meses | 16% após 12 meses (Outubro/2026);Fundos.NET;
Galpão Cariacica;Cariacica;ES;out/24;50%;41.739;83.478;206.734.784;4.953;-;HGLG11;-;Sellers Finance + CRI;93% à vista | 7% após 12 meses (Outubro/2025) + CRI de R$120mm ;Fundos.NET;
BTLG Campinas I;Campinas;SP;nov/24;100%;1.999;1.999;28.500.000;14.257;8,01%;GGRC11;BTLG11;Sellers Finance + Cotas;45% via cotas do GGRC | 22% em Junho/2025 | 22% em Dezembro/2025, com correção por IPCA;Fundos.NET;
BTLG Camaçari;Camaçari;BA;nov/24;100%;4.415;4.415;28.500.000;6.455;9,85%;GGRC11;BTLG11;Sellers Finance + Cotas;45% via cotas do GGRC | 22% em Junho/2025 | 22% em Dezembro/2025, com correção por IPCA;Fundos.NET;
BTLG Santa Luzia;Santa Luzia;MG;nov/24;100%;16.120;16.120;80.000.000;4.963;6,36%;GGRC11;BTLG11;-;-;Fundos.NET;
Parque Logístico Osasco;Osasco;SP;nov/24;15%;4.504;29.631;20.800.000;4.618;6,80%;-;VILG11;Sellers Finance;42% à vista | 58% em 12 parcelas, com correção por IPCA;ce465a50-3264-586a-ce7e-d88118071dda;
LOG Fortaleza III;Fortaleza;CE;dez/24;100%;98.630;98.630;315.300.000;3.197;8,47%;BTLC11;LOG CP;Sellers Finance;55% à vista | 45% após 24 meses, com correção por IPCA (Dezembro/2026);Fundos.NET;
LOG Viana II;Viana;MG;dez/24;100%;50.973;50.973;177.100.000;3.474;8,47%;BTLC11;LOG CP;Sellers Finance;55% à vista | 45% após 24 meses, com correção por IPCA (Dezembro/2026);Fundos.NET;
Ativo Igarassu;Igarassu;PE;dez/24;100%;58.822;58.822;190.000.000;3.230;-;BLOG11;Richard Sounders;-;-;Fundos.NET;
Vila Prudente;Vila Prudente;SP;jan/25;100%;12.636;12.636;52.000.000;4.115;6,39%;-;HLOG11;Sellers Finance;97% à vista | 3% após 15 meses, com correção por CDI (Abril/2026);Fundos.NET;
G01 Condomínio MM2;Cabo de Santo Agostinho;PE;jan/25;100%;110.052;110.052;313.350.000;2.847;-;FII Golgi;XPLG11;Sellers Finance;40% à vista | 60% em 39 parcelas mensais, com correção por IPCA (última em Abril/2028);Fundos.NET;
CD Jundiaí;Jundiaí;SP;fev/25;100%;305.568;305.568;1.070.244.706;1.792;11,00%;MCLO11;Icon Realty;Sellers Finance;90% à vista | 10% após 12 meses, com correção por IPCA (Fevereiro/2026);Fundos.NET;
CD Cajamar;Cajamar;SP;fev/25;100%;75.574;75.574;;;;MCLO11;Icon Realty;;;;
CD Duque de Caxias;Duque de Caxias;RJ;fev/25;100%;180.356;180.356;;;;MCLO11;Icon Realty;;;;
CD Ribeirão Preto;Ribeirão Preto;SP;fev/25;100%;35.755;35.755;;;;MCLO11;Icon Realty;;;;
DP Rio;Rio de Janeiro;RJ;fev/25;100%;65.567;65.567;1.136.000.000;3.459;9,30%;XP Prime Yield;Hines;Sellers Finance + CRI;50% à vista | 18% em Março/2026 | 12% em Setembro/2026 | 20% em Março/2027, com correção por IPCA + CRI R$410 mm NTN-B + 2%, prazo de 5 anos (duas tranches, em Março/2025 e Março/2026, carência de 10% dos juros nos 2 primeiros anos, amortização bullet);Fundos.NET;
DP Manaus I;Manaus;AM;fev/25;100%;105.153;105.153;;;;XP Prime Yield;Hines;;;;
DP Manaus II;Manaus;AM;fev/25;100%;69.055;69.055;;;;XP Prime Yield;Hines;;;;
DP Cajamar;Cajamar;SP;fev/25;100%;88.674;88.674;;;;XP Prime Yield;Hines;;;;
BRF Visa;Vitória de Santo Antão;PE;mar/25;100%;30.694;30.694;273.442.170;8.909;6,60%;-;GARE11;Sellers Finance;24 Parcelas;Fundos.NET;
Braspark;Garuva;SC;mar/25;100%;22.700;22.700;68.400.000;3.013;9,47%;BLOG11;Braspark;-;-;https://siila.com.br/noticias/bluecap-log-fii-adquire-imovel-logistico-100-locado-santa-catarina/7592/lang/pt-br;
BM Salvador;Salvador;BA;abr/25;100%;12.257;12.257;37.500.000;3.059;;BMLG11;-;Sellers Finance;12% à vista | 76% na primeira parcela | 12% na segunda parcela;https://api.mziq.com/mzfilemanager/v2/d/f65daedc-cf98-4d28-93ea-0ea334696b27/e48af680-54aa-c958-c747-b56d95447860?origin=1;
BMLog Jandira;Jandira;SP;jun/25;100%;17.127;17.127;40.167.306;2.345;;-;BMLG11;-;-;Microsoft Word - 20250606 - FII - BLMG - FR - Alienacao Ativo;
CD Pirituba;São Paulo;SP;jun/25;100%;14.231;14.231;35.250.000;2.477;;SNLG11;GGRC11;À vista;;GGRC11 - Fato Relevante - Pirituba;
CD Martin Brower;Curitiba;PR;jun/25;100%;6.592;6.592;35.475.000;5.382;11,85%;BMLG11;;Sellers Finance;4% à vista | 93% 5 dias úteis depois | 3% 18 meses depois;GGRC11 - Fato Relevante - Martin Brower;
Parque Logístico Osasco;Osasco;SP;nov/25;100%;23.705;23.705;850.720.360;3.435;9,20%;HGLG11;VILG11;Sellers Finance;82% à vista - CRI + 10º emissão |  13% em 1 ano | 5% em 2 anos;https://api.mziq.com/mzfilemanager/v2/d/8888cd4d-511c-49d0-95ed-5401b6e4cf44/9f5e7ef1-e9db-2af2-c314-278980c3bb95?origin=1;
Porto Canoa Log;Serra;ES;nov/25;100%;95.020;95.020;;;;;;;;;
Fernão Dias Business Park;Extrema;MG;nov/25;100%;58.017;58.017;;;;;;;;;
CD Privalia;Extrema;MG;nov/25;100%;26.773;26.773;;;;;;;;;
Betim Business Park;Betim;MG;nov/25;100%;44.164;44.164;;;;;-;;;;
BTS Mercado Livre;Araucária;PR;set/25;44%;39.960;91.190;207.934.574;2.280;8,50%;TRXF11;;Sellers Finance;;Fundos.NET;
Parque Logístico Guarulhos;Guarulhos;SP;nov/05;100%;105.638;105.638;807.704.450;4.501;8,30%;HSLG;CYLD11;Sellers Finance + Cotas;50% em cotas | 20% em dívidas assumidas | 20% em 1 ano | 30% em 2 anos;;
Parque Logístico Embu;Embu das Artes;SP;nov/05;100%;39.475;39.475;;;;;;;;;
Parque Novo Mundo;São Paulo;SP;nov/05;100%;34.337;34.337;;;;;;;;;
WTLOG RBR ;Franco da Rocha;SP;dez/25;100%;33.616;33.616;1.593.315.051;5.681;9,70%;XPLG11;RBRL11;Cash + Cotas;27% em cash | 73% em cotas da 8º oferta do XPLG11;;
Extrema I;Extrema;MG;dez/25;100%;37.600;37.600;;;;;;;;;
Extrema II;Extrema;MG;dez/25;100%;77.106;77.106;;;;;;;;;
Hortolândia I;Hortolândia;SP;dez/25;100%;15.349;15.349;;;;;;;;;
Hortolândia II;Hortolândia;SP;dez/25;100%;43.123;43.123;;;;;;;;;
Bricklog Guarulhos;Guarulhos;SP;dez/25;100%;11.198;11.198;;;;;RDL11;;;;
CL Imigrantes V;São Bernardo do Campo;SP;dez/25;100%;62.457;62.457;;;;;;;;;
BTLG Osasco;Osasco;SP;dez/25;100%;35.011;35.011;385.960.000;4.626;8,50%;BTLG11;CPLG11;Sellers Finance;87% à vista | 13% em 12 meses corrigidos por IPCA + 5%;;
BTLG Mauá II;Mauá;SP;dez/25;100%;48.417;48.417;;;;;;;;;
